Group	Sub-group	Name	Sex	Cell type	Tissue	Cell line	Disease	Donor	Experiment	File type	Format	Analyis production	Size	MD5	URL
bone marrow	band form neutrophil	BM030613	Male	band form neutrophil	bone marrow		None	BM030613	H3K27ac	Normalized signal	bigWig	EMBL-EBI	1.1G	954807c5533266e18564110f48d772f1	http://ftp.ebi.ac.uk/pub/databases/blueprint/data/homo_sapiens/GRCh38/bone_marrow/BM030613/band_form_neutrophil/ChIP-Seq/NCMLS/S00JGXH1.ERX651407.H3K27ac.bwa.GRCh38.20150529.bw
bone marrow	neutrophilic metamyelocyte	BM030613	Male	neutrophilic metamyelocyte	bone marrow		None	BM030613	H3K27ac	Normalized signal	bigWig	EMBL-EBI	1.2G	75783dade332a81e2b42e475e2691c91	http://ftp.ebi.ac.uk/pub/databases/blueprint/data/homo_sapiens/GRCh38/bone_marrow/BM030613/neutrophilic_metamyelocyte/ChIP-Seq/NCMLS/S00JFZH1.ERX651406.H3K27ac.bwa.GRCh38.20150528.bw
bone marrow	neutrophilic myelocyte	BM030613	Male	neutrophilic myelocyte	bone marrow		None	BM030613	H3K27ac	Normalized signal	bigWig	EMBL-EBI	1.2G	7f356ebe84b17ceb48808c42377d9616	http://ftp.ebi.ac.uk/pub/databases/blueprint/data/homo_sapiens/GRCh38/bone_marrow/BM030613/neutrophilic_myelocyte/ChIP-Seq/NCMLS/S00JE0H1.ERX1032370.H3K27ac.bwa.GRCh38.20151029.bw
bone marrow	segmented neutrophil of bone marrow	BM030613	Male	segmented neutrophil of bone marrow	bone marrow		None	BM030613	H3K27ac	Normalized signal	bigWig	EMBL-EBI	1021M	7fe1d9a596bf04ca276a1061305ddba0	http://ftp.ebi.ac.uk/pub/databases/blueprint/data/homo_sapiens/GRCh38/bone_marrow/BM030613/segmented_neutrophil_of_bone_marrow/ChIP-Seq/NCMLS/S00JHVH1.ERX1032375.H3K27ac.bwa.GRCh38.20151029.bw
bone marrow	band form neutrophil	BM060814	Female	band form neutrophil	bone marrow		None	BM060814	H3K27ac	Normalized signal	bigWig	EMBL-EBI	745M	b512cddce34df15a945a643e15e0f4a4	http://ftp.ebi.ac.uk/pub/databases/blueprint/data/homo_sapiens/GRCh38/bone_marrow/BM060814/band_form_neutrophil/ChIP-Seq/NCMLS/S00VEQH1.ERX676413.H3K27ac.bwa.GRCh38.20150528.bw
bone marrow	neutrophilic metamyelocyte	BM060814	Female	neutrophilic metamyelocyte	bone marrow		None	BM060814	H3K27ac	Normalized signal	bigWig	EMBL-EBI	1.1G	8ac5b3f52ba336e3ceed9949445516f3	http://ftp.ebi.ac.uk/pub/databases/blueprint/data/homo_sapiens/GRCh38/bone_marrow/BM060814/neutrophilic_metamyelocyte/ChIP-Seq/NCMLS/S00VDSH1.ERX676412.H3K27ac.bwa.GRCh38.20150528.bw
bone marrow	neutrophilic myelocyte	BM060814	Female	neutrophilic myelocyte	bone marrow		None	BM060814	H3K27ac	Normalized signal	bigWig	EMBL-EBI	725M	a4447bfa8fadc76a2226ae990103cb76	http://ftp.ebi.ac.uk/pub/databases/blueprint/data/homo_sapiens/GRCh38/bone_marrow/BM060814/neutrophilic_myelocyte/ChIP-Seq/NCMLS/S00VCUH1.ERX676406.H3K27ac.bwa.GRCh38.20150528.bw
bone marrow	segmented neutrophil of bone marrow	BM060814	Female	segmented neutrophil of bone marrow	bone marrow		None	BM060814	H3K27ac	Normalized signal	bigWig	EMBL-EBI	743M	77e365d552a1f2ba4a340fdb0b852325	http://ftp.ebi.ac.uk/pub/databases/blueprint/data/homo_sapiens/GRCh38/bone_marrow/BM060814/segmented_neutrophil_of_bone_marrow/ChIP-Seq/NCMLS/S00VFOH1.ERX676414.H3K27ac.bwa.GRCh38.20150528.bw
bone marrow	band form neutrophil	BM220513	Male	band form neutrophil	bone marrow		None	BM220513	H3K27ac	Normalized signal	bigWig	EMBL-EBI	1018M	ae7166aa520dbe7e9dacd371e83a4330	http://ftp.ebi.ac.uk/pub/databases/blueprint/data/homo_sapiens/GRCh38/bone_marrow/BM220513/band_form_neutrophil/ChIP-Seq/NCMLS/S00G11H1.ERX651419.H3K27ac.bwa.GRCh38.20150528.bw
bone marrow	neutrophilic metamyelocyte	BM220513	Male	neutrophilic metamyelocyte	bone marrow		None	BM220513	H3K27ac	Normalized signal	bigWig	EMBL-EBI	1.1G	e0a9f4a9ffd0999ef457694f3b15339d	http://ftp.ebi.ac.uk/pub/databases/blueprint/data/homo_sapiens/GRCh38/bone_marrow/BM220513/neutrophilic_metamyelocyte/ChIP-Seq/NCMLS/S00G03H1.ERX651404.H3K27ac.bwa.GRCh38.20150528.bw
bone marrow	neutrophilic myelocyte	BM220513	Male	neutrophilic myelocyte	bone marrow		None	BM220513	H3K27ac	Normalized signal	bigWig	EMBL-EBI	1.1G	4907a0c29115a9c6e7e82a41e29575db	http://ftp.ebi.ac.uk/pub/databases/blueprint/data/homo_sapiens/GRCh38/bone_marrow/BM220513/neutrophilic_myelocyte/ChIP-Seq/NCMLS/S00FYDH1.ERX651403.H3K27ac.bwa.GRCh38.20150528.bw
bone marrow	segmented neutrophil of bone marrow	BM220513	Male	segmented neutrophil of bone marrow	bone marrow		None	BM220513	H3K27ac	Normalized signal	bigWig	EMBL-EBI	1.1G	ba6990add3ae03be3d3ab687a27a7f63	http://ftp.ebi.ac.uk/pub/databases/blueprint/data/homo_sapiens/GRCh38/bone_marrow/BM220513/segmented_neutrophil_of_bone_marrow/ChIP-Seq/NCMLS/S00G3YH1.ERX651405.H3K27ac.bwa.GRCh38.20150528.bw
cord blood	mature neutrophil	C00184	Male	mature neutrophil	cord blood		None	C00184	H3K27ac	Normalized signal	bigWig	EMBL-EBI	1.1G	7e297cc7e420dbc53a1373cfcb5e4fe3	http://ftp.ebi.ac.uk/pub/databases/blueprint/data/homo_sapiens/GRCh38/cord_blood/C00184/mature_neutrophil/ChIP-Seq/NCMLS/C00184H2.ERX197164.H3K27ac.bwa.GRCh38.20150528.bw
cord blood	CD14-positive, CD16-negative classical monocyte	C00264	Male	CD14-positive, CD16-negative classical monocyte	cord blood		None	C00264	H3K27ac	Normalized signal	bigWig	EMBL-EBI	1.1G	ccc725479c7f4ead07c076daec324cd9	http://ftp.ebi.ac.uk/pub/databases/blueprint/data/homo_sapiens/GRCh38/cord_blood/C00264/CD14-positive_CD16-negative_classical_monocyte/ChIP-Seq/NCMLS/C00264H1.ERX190914.H3K27ac.bwa.GRCh38.20150529.bw
cord blood	CD14-positive, CD16-negative classical monocyte	C00280	Female	CD14-positive, CD16-negative classical monocyte	cord blood		None	C00280	H3K27ac	Normalized signal	bigWig	EMBL-EBI	1.2G	52d1510bed116fdd9ceff1ccaead317e	http://ftp.ebi.ac.uk/pub/databases/blueprint/data/homo_sapiens/GRCh38/cord_blood/C00280/CD14-positive_CD16-negative_classical_monocyte/ChIP-Seq/NCMLS/C00280H2.ERX197173.H3K27ac.bwa.GRCh38.20150528.bw
cord blood	CD4-positive, alpha-beta T cell	C00280	Female	CD4-positive, alpha-beta T cell	cord blood		None	C00280	H3K27ac	Normalized signal	bigWig	EMBL-EBI	1.1G	ad9c5c3555d64b33703aa435f2263ec2	http://ftp.ebi.ac.uk/pub/databases/blueprint/data/homo_sapiens/GRCh38/cord_blood/C00280/CD4-positive_alpha-beta_T_cell/ChIP-Seq/NCMLS/C00280H1.ERX682371.H3K27ac.bwa.GRCh38.20150529.bw
cord blood	CD8-positive, alpha-beta T cell	C002YM	Female	CD8-positive, alpha-beta T cell	cord blood		None	C002YM	H3K27ac	Normalized signal	bigWig	EMBL-EBI	1.1G	33cb03917ef64aaa49128f9fb5eb26e0	http://ftp.ebi.ac.uk/pub/databases/blueprint/data/homo_sapiens/GRCh38/cord_blood/C002YM/CD8-positive_alpha-beta_T_cell/ChIP-Seq/NCMLS/C002YMH1.ERX197184.H3K27ac.bwa.GRCh38.20150529.bw
cord blood	CD8-positive, alpha-beta T cell	C00360	Male	CD8-positive, alpha-beta T cell	cord blood		None	C00360	H3K27ac	Normalized signal	bigWig	EMBL-EBI	1.1G	7e40cdde5478401b3791ceb94ce2fa78	http://ftp.ebi.ac.uk/pub/databases/blueprint/data/homo_sapiens/GRCh38/cord_blood/C00360/CD8-positive_alpha-beta_T_cell/ChIP-Seq/NCMLS/C00360H1.ERX197212.H3K27ac.bwa.GRCh38.20150529.bw
cord blood	mature neutrophil	C004GD	Female	mature neutrophil	cord blood		None	C004GD	H3K27ac	Normalized signal	bigWig	EMBL-EBI	1.1G	849ace82c80ccf6a3749f9bfd3ed4684	http://ftp.ebi.ac.uk/pub/databases/blueprint/data/homo_sapiens/GRCh38/cord_blood/C004GD/mature_neutrophil/ChIP-Seq/NCMLS/C004GDH1.ERX207032.H3K27ac.bwa.GRCh38.20150528.bw
cord blood	CD14-positive, CD16-negative classical monocyte	C005PS	Female	CD14-positive, CD16-negative classical monocyte	cord blood		None	C005PS	H3K27ac	Normalized signal	bigWig	EMBL-EBI	1.1G	820dc50dc60c6fe8456df61896c58b8d	http://ftp.ebi.ac.uk/pub/databases/blueprint/data/homo_sapiens/GRCh38/cord_blood/C005PS/CD14-positive_CD16-negative_classical_monocyte/ChIP-Seq/NCMLS/C005PSH2.ERX207018.H3K27ac.bwa.GRCh38.20150528.bw
cord blood	CD14-positive, CD16-negative classical monocyte	C005PS	Female	CD14-positive, CD16-negative classical monocyte	cord blood		None	C005PS	H3K27ac	Normalized signal	bigWig	EMBL-EBI	714M	aff42d7a4cee0db8015df9b99aa855e7	http://ftp.ebi.ac.uk/pub/databases/blueprint/data/homo_sapiens/GRCh38/cord_blood/C005PS/CD14-positive_CD16-negative_classical_monocyte/ChIP-Seq/NCMLS/C005PSH2.ERX547986.H3K27ac.bwa.GRCh38.20150528.bw
cord blood	CD38-negative naive B cell	C005QQ	Female	CD38-negative naive B cell	cord blood		None	C005QQ	H3K27ac	Normalized signal	bigWig	EMBL-EBI	1.2G	a2fca1835ee777bc7ec0303fbd20cb1e	http://ftp.ebi.ac.uk/pub/databases/blueprint/data/homo_sapiens/GRCh38/cord_blood/C005QQ/CD38-negative_naive_B_cell/ChIP-Seq/NCMLS/C005QQH1.ERX943210.H3K27ac.bwa.GRCh38.20150529.bw
cord blood	CD8-positive, alpha-beta T cell	C0066P	Female	CD8-positive, alpha-beta T cell	cord blood		None	C0066P	H3K27ac	Normalized signal	bigWig	EMBL-EBI	1.2G	cf85a56b6cc9eb9baaa9cc5d9126b657	http://ftp.ebi.ac.uk/pub/databases/blueprint/data/homo_sapiens/GRCh38/cord_blood/C0066P/CD8-positive_alpha-beta_T_cell/ChIP-Seq/NCMLS/C0066PH1.ERX547957.H3K27ac.bwa.GRCh38.20150528.bw
cord blood	CD14-positive, CD16-negative classical monocyte	S000RD	Male	CD14-positive, CD16-negative classical monocyte	cord blood		None	S000RD	H3K27ac	Normalized signal	bigWig	EMBL-EBI	1.2G	d83cdb4428230b291425108e2341bb6f	http://ftp.ebi.ac.uk/pub/databases/blueprint/data/homo_sapiens/GRCh38/cord_blood/S000RD/CD14-positive_CD16-negative_classical_monocyte/ChIP-Seq/NCMLS/S000RDH2.ERX300740.H3K27ac.bwa.GRCh38.20150528.bw
cord blood	CD14-positive, CD16-negative classical monocyte	S000RD	Male	CD14-positive, CD16-negative classical monocyte	cord blood		None	S000RD	H3K27ac	Normalized signal	bigWig	EMBL-EBI	992M	1427c91c8713b1d30dc01d8efd4d6564	http://ftp.ebi.ac.uk/pub/databases/blueprint/data/homo_sapiens/GRCh38/cord_blood/S000RD/CD14-positive_CD16-negative_classical_monocyte/ChIP-Seq/NCMLS/S000RDH2.ERX547985.H3K27ac.bwa.GRCh38.20150528.bw
cord blood	CD4-positive, alpha-beta T cell	S000RD	Male	CD4-positive, alpha-beta T cell	cord blood		None	S000RD	H3K27ac	Normalized signal	bigWig	EMBL-EBI	1.2G	329d97ea021c9843a2447127c494b348	http://ftp.ebi.ac.uk/pub/databases/blueprint/data/homo_sapiens/GRCh38/cord_blood/S000RD/CD4-positive_alpha-beta_T_cell/ChIP-Seq/NCMLS/S000RDH1.ERX682358.H3K27ac.bwa.GRCh38.20150528.bw
cord blood	CD4-positive, alpha-beta T cell	S0018A	Female	CD4-positive, alpha-beta T cell	cord blood		None	S0018A	H3K27ac	Normalized signal	bigWig	EMBL-EBI	1.2G	18aac9af04581e134cc1eefe04199b13	http://ftp.ebi.ac.uk/pub/databases/blueprint/data/homo_sapiens/GRCh38/cord_blood/S0018A/CD4-positive_alpha-beta_T_cell/ChIP-Seq/NCMLS/S0018AH1.ERX604485.H3K27ac.bwa.GRCh38.20150528.bw
cord blood	inflammatory macrophage	S0018A	Female	inflammatory macrophage	cord blood		None	S0018A	H3K27ac	Normalized signal	bigWig	EMBL-EBI	1.2G	8ef36bcd384c13bfe4cf56280828d723	http://ftp.ebi.ac.uk/pub/databases/blueprint/data/homo_sapiens/GRCh38/cord_blood/S0018A/inflammatory_macrophage/ChIP-Seq/NCMLS/S0018AH2.ERX300659.H3K27ac.bwa.GRCh38.20150528.bw
cord blood	erythroblast	S002R5	Male	erythroblast	cord blood		None	S002R5	H3K27ac	Normalized signal	bigWig	EMBL-EBI	1.2G	06a8d0913e6c8c182084dae0592da97a	http://ftp.ebi.ac.uk/pub/databases/blueprint/data/homo_sapiens/GRCh38/cord_blood/S002R5/erythroblast/ChIP-Seq/NCMLS/S002R5H1.ERX406952.H3K27ac.bwa.GRCh38.20150528.bw
cord blood	erythroblast	S002S3	Female	erythroblast	cord blood		None	S002S3	H3K27ac	Normalized signal	bigWig	EMBL-EBI	1.2G	113159e3df874b713019c1de87441138	http://ftp.ebi.ac.uk/pub/databases/blueprint/data/homo_sapiens/GRCh38/cord_blood/S002S3/erythroblast/ChIP-Seq/NCMLS/S002S3H1.ERX406951.H3K27ac.bwa.GRCh38.20150528.bw
cord blood	CD34-negative, CD41-positive, CD42-positive megakaryocyte cell	S004BT	Female	CD34-negative, CD41-positive, CD42-positive megakaryocyte cell	cord blood		None	S004BT	H3K27ac	Normalized signal	bigWig	EMBL-EBI	1.2G	19787be3aab8c00e71b5c0b5d14379ff	http://ftp.ebi.ac.uk/pub/databases/blueprint/data/homo_sapiens/GRCh38/cord_blood/S004BT/CD34-negative_CD41-positive_CD42-positive_megakaryocyte_cell/ChIP-Seq/NCMLS/S004BTH2.ERX406971.H3K27ac.bwa.GRCh38.20150528.bw
cord blood	cytotoxic CD56-dim natural killer cell	S005YG	Male	cytotoxic CD56-dim natural killer cell	cord blood		None	S005YG	H3K27ac	Normalized signal	bigWig	EMBL-EBI	1.3G	0230182fe7bb1d9cdfd107aed9aa8ae5	http://ftp.ebi.ac.uk/pub/databases/blueprint/data/homo_sapiens/GRCh38/cord_blood/S005YG/cytotoxic_CD56-dim_natural_killer_cell/ChIP-Seq/NCMLS/S005YGH1.ERX406953.H3K27ac.bwa.GRCh38.20150528.bw
cord blood	inflammatory macrophage	S007SK	Male	inflammatory macrophage	cord blood		None	S007SK	H3K27ac	Normalized signal	bigWig	EMBL-EBI	1.1G	10438bbd6903559fdcd9fc5a4a21724f	http://ftp.ebi.ac.uk/pub/databases/blueprint/data/homo_sapiens/GRCh38/cord_blood/S007SK/inflammatory_macrophage/ChIP-Seq/NCMLS/S007SKH1.ERX604482.H3K27ac.bwa.GRCh38.20150528.bw
cord blood	macrophage	S00BHQ	Female	macrophage	cord blood		None	S00BHQ	H3K27ac	Normalized signal	bigWig	EMBL-EBI	727M	cfa7ecfd549453c87ed5cf9e2d8a22eb	http://ftp.ebi.ac.uk/pub/databases/blueprint/data/homo_sapiens/GRCh38/cord_blood/S00BHQ/macrophage/ChIP-Seq/NCMLS/S00BHQH1.ERX604475.H3K27ac.bwa.GRCh38.20150528.bw
cord blood	endothelial cell of umbilical vein (proliferating)	S00BJM	Male	endothelial cell of umbilical vein (proliferating)	cord blood		None	S00BJM	H3K27ac	Normalized signal	bigWig	EMBL-EBI	1.2G	f5369f37259289d703f1090ab7f0e4d3	http://ftp.ebi.ac.uk/pub/databases/blueprint/data/homo_sapiens/GRCh38/cord_blood/S00BJM/endothelial_cell_of_umbilical_vein_proliferating/ChIP-Seq/NCMLS/S00BJMH1.ERX406955.H3K27ac.bwa.GRCh38.20150528.bw
cord blood	endothelial cell of umbilical vein (resting)	S00BJM	Male	endothelial cell of umbilical vein (resting)	cord blood		None	S00BJM	H3K27ac	Normalized signal	bigWig	EMBL-EBI	1.2G	09dfc8b40b2d7777036f400ee3d07e57	http://ftp.ebi.ac.uk/pub/databases/blueprint/data/homo_sapiens/GRCh38/cord_blood/S00BJM/endothelial_cell_of_umbilical_vein_resting/ChIP-Seq/NCMLS/S00BJMH2.ERX406954.H3K27ac.bwa.GRCh38.20150528.bw
cord blood	alternatively activated macrophage	S00C1H	Female	alternatively activated macrophage	cord blood		None	S00C1H	H3K27ac	Normalized signal	bigWig	EMBL-EBI	1.2G	bc336b7e5b6c8340f769127f54840de3	http://ftp.ebi.ac.uk/pub/databases/blueprint/data/homo_sapiens/GRCh38/cord_blood/S00C1H/alternatively_activated_macrophage/ChIP-Seq/NCMLS/S00C1HH1.ERX406932.H3K27ac.bwa.GRCh38.20150528.bw
cord blood	CD8-positive, alpha-beta T cell	S00C2F	Male	CD8-positive, alpha-beta T cell	cord blood		None	S00C2F	H3K27ac	Normalized signal	bigWig	EMBL-EBI	1.1G	2bf4c6d33242b90e9bac06fe6fc13615	http://ftp.ebi.ac.uk/pub/databases/blueprint/data/homo_sapiens/GRCh38/cord_blood/S00C2F/CD8-positive_alpha-beta_T_cell/ChIP-Seq/NCMLS/S00C2FH1.ERX547956.H3K27ac.bwa.GRCh38.20150528.bw
cord blood	endothelial cell of umbilical vein (proliferating)	S00DCS	Female	endothelial cell of umbilical vein (proliferating)	cord blood		None	S00DCS	H3K27ac	Normalized signal	bigWig	EMBL-EBI	684M	b9481d0f34bafebe1210fd98ef9ca554	http://ftp.ebi.ac.uk/pub/databases/blueprint/data/homo_sapiens/GRCh38/cord_blood/S00DCS/endothelial_cell_of_umbilical_vein_proliferating/ChIP-Seq/NCMLS/S00DCSH1.ERX406982.H3K27ac.bwa.GRCh38.20150528.bw
cord blood	macrophage	S00DVR	Male	macrophage	cord blood		None	S00DVR	H3K27ac	Normalized signal	bigWig	EMBL-EBI	769M	ea36069bfcf489149bd4682a1bfdd273	http://ftp.ebi.ac.uk/pub/databases/blueprint/data/homo_sapiens/GRCh38/cord_blood/S00DVR/macrophage/ChIP-Seq/NCMLS/S00DVRH1.ERX547938.H3K27ac.bwa.GRCh38.20150528.bw
cord blood	alternatively activated macrophage	S00T2L	Male	alternatively activated macrophage	cord blood		None	S00T2L	H3K27ac	Normalized signal	bigWig	EMBL-EBI	1.2G	45380003650bd9f2c7decacd7ad43d6d	http://ftp.ebi.ac.uk/pub/databases/blueprint/data/homo_sapiens/GRCh38/cord_blood/S00T2L/alternatively_activated_macrophage/ChIP-Seq/NCMLS/S00T2LH1.ERX682368.H3K27ac.bwa.GRCh38.20150529.bw
cord blood	CD34-negative, CD41-positive, CD42-positive megakaryocyte cell	S00VHK	Male	CD34-negative, CD41-positive, CD42-positive megakaryocyte cell	cord blood		None	S00VHK	H3K27ac	Normalized signal	bigWig	EMBL-EBI	1.1G	f69e3e8aef370d81336019bd5d819fd0	http://ftp.ebi.ac.uk/pub/databases/blueprint/data/homo_sapiens/GRCh38/cord_blood/S00VHK/CD34-negative_CD41-positive_CD42-positive_megakaryocyte_cell/ChIP-Seq/NCMLS/S00VHKH1.ERX682374.H3K27ac.bwa.GRCh38.20150528.bw
cord blood	conventional dendritic cell	S014RQ	Female	conventional dendritic cell	cord blood		None	S014RQ	H3K27ac	Normalized signal	bigWig	EMBL-EBI	650M	89c7f035cd77ca4763c13a1a220832ad	http://ftp.ebi.ac.uk/pub/databases/blueprint/data/homo_sapiens/GRCh38/cord_blood/S014RQ/conventional_dendritic_cell/ChIP-Seq/NCMLS/S014RQH1.ERX1122428.H3K27ac.bwa.GRCh38.20151029.bw
cord blood	cytotoxic CD56-dim natural killer cell	S01E4WH0	Female	cytotoxic CD56-dim natural killer cell	cord blood		None	S01DWH,S01DWH,S01DWH,S01DWH,S01DWH	H3K27ac	Normalized signal	bigWig	EMBL-EBI	676M	fbd287d58845584e0db5763faa07313c	http://ftp.ebi.ac.uk/pub/databases/blueprint/data/homo_sapiens/GRCh38/cord_blood/S01E4WH0/cytotoxic_CD56-dim_natural_killer_cell/ChIP-Seq/NCMLS/S01E4WH0.ERX1122518.H3K27ac.bwa.GRCh38.20151029.bw
cord blood	inflammatory macrophage	S01H5I	Female	inflammatory macrophage	cord blood		None	S01H5I	H3K27ac	Normalized signal	bigWig	EMBL-EBI	698M	53245300d85ba060ef226f91060d3269	http://ftp.ebi.ac.uk/pub/databases/blueprint/data/homo_sapiens/GRCh38/cord_blood/S01H5I/inflammatory_macrophage/ChIP-Seq/NCMLS/S01H5IH1.ERX1304195.H3K27ac.bwa.GRCh38.20160226.bw
thymus	CD3-negative, CD4-positive, CD8-positive, double positive thymocyte	TH89	Male	CD3-negative, CD4-positive, CD8-positive, double positive thymocyte	thymus		None	TH89	H3K27ac	Normalized signal	bigWig	EMBL-EBI	750M	e4c3d121b673665ebcdc94e3b71b151e	http://ftp.ebi.ac.uk/pub/databases/blueprint/data/homo_sapiens/GRCh38/thymus/TH89/CD3-negative_CD4-positive_CD8-positive_double_positive_thymocyte/ChIP-Seq/NCMLS/S00FJ6H1.ERX1302276.H3K27ac.bwa.GRCh38.20160226.bw
thymus lymphoid tissue	CD3-positive, CD4-positive, CD8-positive, double positive thymocyte	TH118	Male	CD3-positive, CD4-positive, CD8-positive, double positive thymocyte	thymus lymphoid tissue		None	TH118	H3K27ac	Normalized signal	bigWig	EMBL-EBI	1.4G	26d2805dc594422ff33a721ab5a46735	http://ftp.ebi.ac.uk/pub/databases/blueprint/data/homo_sapiens/GRCh38/thymus_lymphoid_tissue/TH118/CD3-positive_CD4-positive_CD8-positive_double_positive_thymocyte/ChIP-Seq/NCMLS/S01G3QH1.ERX1302275.H3K27ac.bwa.GRCh38.20160226.bw
thymus lymphoid tissue	CD3-positive, CD4-positive, CD8-positive, double positive thymocyte	TH91	Male	CD3-positive, CD4-positive, CD8-positive, double positive thymocyte	thymus lymphoid tissue		None	TH91	H3K27ac	Normalized signal	bigWig	EMBL-EBI	1.2G	90793da7cc12e8ca67a282e365a1cbca	http://ftp.ebi.ac.uk/pub/databases/blueprint/data/homo_sapiens/GRCh38/thymus_lymphoid_tissue/TH91/CD3-positive_CD4-positive_CD8-positive_double_positive_thymocyte/ChIP-Seq/NCMLS/S010Q7H1.ERX713633.H3K27ac.bwa.GRCh38.20150529.bw
thymus lymphoid tissue	CD4-positive, alpha-beta thymocyte	TH91	Male	CD4-positive, alpha-beta thymocyte	thymus lymphoid tissue		None	TH91	H3K27ac	Normalized signal	bigWig	EMBL-EBI	1.2G	26516b79823ad654f1eed06385c7f93b	http://ftp.ebi.ac.uk/pub/databases/blueprint/data/homo_sapiens/GRCh38/thymus_lymphoid_tissue/TH91/CD4-positive_alpha-beta_thymocyte/ChIP-Seq/NCMLS/S010R5H1.ERX713634.H3K27ac.bwa.GRCh38.20150529.bw
tonsil	germinal center B cell	T14_10	Female	germinal center B cell	tonsil		None	T14_10	H3K27ac	Normalized signal	bigWig	EMBL-EBI	1.1G	e249c586533c3e4db5a3e15005123971	http://ftp.ebi.ac.uk/pub/databases/blueprint/data/homo_sapiens/GRCh38/tonsil/T14_10/germinal_center_B_cell/ChIP-Seq/NCMLS/S00Y9OH1.ERX712724.H3K27ac.bwa.GRCh38.20150528.bw
tonsil	plasma cell	T14_10	Female	plasma cell	tonsil		None	T14_10	H3K27ac	Normalized signal	bigWig	EMBL-EBI	1.1G	9f4da1c85f091a00ea121d77ea550799	http://ftp.ebi.ac.uk/pub/databases/blueprint/data/homo_sapiens/GRCh38/tonsil/T14_10/plasma_cell/ChIP-Seq/NCMLS/S00Y8QH1.ERX712735.H3K27ac.bwa.GRCh38.20150528.bw
tonsil	germinal center B cell	T14_11	Male	germinal center B cell	tonsil		None	T14_11	H3K27ac	Normalized signal	bigWig	EMBL-EBI	1.1G	975ef937d892c049b90b3ad6b85f70f3	http://ftp.ebi.ac.uk/pub/databases/blueprint/data/homo_sapiens/GRCh38/tonsil/T14_11/germinal_center_B_cell/ChIP-Seq/NCMLS/S013ARH1.ERX1007385.H3K27ac.bwa.GRCh38.20151029.bw
tonsil	naive B cell	T14_11	Male	naive B cell	tonsil		None	T14_11	H3K27ac	Normalized signal	bigWig	EMBL-EBI	1.2G	6b1f8563ac85980f976ed6152d46c74c	http://ftp.ebi.ac.uk/pub/databases/blueprint/data/homo_sapiens/GRCh38/tonsil/T14_11/naive_B_cell/ChIP-Seq/NCMLS/S0138VH1.ERX1007380.H3K27ac.bwa.GRCh38.20151029.bw
tonsil	plasma cell	T14_11	Male	plasma cell	tonsil		None	T14_11	H3K27ac	Normalized signal	bigWig	EMBL-EBI	1.4G	30c7410e41e825be2513cfcbe87f58ac	http://ftp.ebi.ac.uk/pub/databases/blueprint/data/homo_sapiens/GRCh38/tonsil/T14_11/plasma_cell/ChIP-Seq/NCMLS/S0139TH1.ERX1007382.H3K27ac.bwa.GRCh38.20151029.bw
tonsil	germinal center B cell	T14_5	Female	germinal center B cell	tonsil		None	T14_5	H3K27ac	Normalized signal	bigWig	EMBL-EBI	594M	379d3b4f6e0bb82334910c086339737f	http://ftp.ebi.ac.uk/pub/databases/blueprint/data/homo_sapiens/GRCh38/tonsil/T14_5/germinal_center_B_cell/ChIP-Seq/NCMLS/S00W0DH1.ERX712687.H3K27ac.bwa.GRCh38.20150528.bw
tonsil	plasma cell	T14_5	Female	plasma cell	tonsil		None	T14_5	H3K27ac	Normalized signal	bigWig	EMBL-EBI	1.3G	43e65d82fa69a43377ddc2509be32987	http://ftp.ebi.ac.uk/pub/databases/blueprint/data/homo_sapiens/GRCh38/tonsil/T14_5/plasma_cell/ChIP-Seq/NCMLS/S00VKEH1.ERX712666.H3K27ac.bwa.GRCh38.20150528.bw
tonsil	naive B cell	T14_6	Male	naive B cell	tonsil		None	T14_6	H3K27ac	Normalized signal	bigWig	EMBL-EBI	1.1G	7b68d30b9cd621706d4563ab8143251c	http://ftp.ebi.ac.uk/pub/databases/blueprint/data/homo_sapiens/GRCh38/tonsil/T14_6/naive_B_cell/ChIP-Seq/NCMLS/S011CVH1.ERX1007379.H3K27ac.bwa.GRCh38.20151029.bw
tonsil	naive B cell	T15_1	Female	naive B cell	tonsil		None	T15_1	H3K27ac	Normalized signal	bigWig	EMBL-EBI	1.2G	95c4e67333726584222f62b21ca810dc	http://ftp.ebi.ac.uk/pub/databases/blueprint/data/homo_sapiens/GRCh38/tonsil/T15_1/naive_B_cell/ChIP-Seq/NCMLS/S0158NH1.ERX1122489.H3K27ac.bwa.GRCh38.20151029.bw
venous blood	naive B cell	B15_50	Female	naive B cell	venous blood		None	B15_50	H3K27ac	Normalized signal	bigWig	EMBL-EBI	1.2G	8747d1870094be6a6e107065f4cd9feb	http://ftp.ebi.ac.uk/pub/databases/blueprint/data/homo_sapiens/GRCh38/venous_blood/B15_50/naive_B_cell/ChIP-Seq/NCMLS/S0159LH1.ERX1007481.H3K27ac.bwa.GRCh38.20151029.bw
venous blood	immature conventional dendritic cell - GM-CSF_IL4_T=6_days	B270	Male	immature conventional dendritic cell	venous blood		None	B270	H3K27ac	Normalized signal	bigWig	EMBL-EBI	755M	b90bd90fc9a47a69d8ab63101391c1ef	http://ftp.ebi.ac.uk/pub/databases/blueprint/data/homo_sapiens/GRCh38/venous_blood/B270/immature_conventional_dendritic_cell_-_GM-CSF_IL4_T_6_days/ChIP-Seq/NCMLS/S00TU2H1.ERX1302235.H3K27ac.bwa.GRCh38.20160226.bw
venous blood	mature conventional dendritic cell - GM-CSF_IL4_T=6_days_R848_T=24hrs	B270	Male	mature conventional dendritic cell	venous blood		None	B270	H3K27ac	Normalized signal	bigWig	EMBL-EBI	1008M	cfc75521bfb46d0c3fa79f5997e091e6	http://ftp.ebi.ac.uk/pub/databases/blueprint/data/homo_sapiens/GRCh38/venous_blood/B270/mature_conventional_dendritic_cell_-_GM-CSF_IL4_T_6_days_R848_T_24hrs/ChIP-Seq/NCMLS/S00TXXH1.ERX1302179.H3K27ac.bwa.GRCh38.20160226.bw
venous blood	immature conventional dendritic cell - GM-CSF_IL4_T=6_days	B271	Male	immature conventional dendritic cell	venous blood		None	B271	H3K27ac	Normalized signal	bigWig	EMBL-EBI	1.1G	abce63b1187e63062a3ec61ba0c21c7f	http://ftp.ebi.ac.uk/pub/databases/blueprint/data/homo_sapiens/GRCh38/venous_blood/B271/immature_conventional_dendritic_cell_-_GM-CSF_IL4_T_6_days/ChIP-Seq/NCMLS/S00TV0H1.ERX1302241.H3K27ac.bwa.GRCh38.20160226.bw
venous blood	mature conventional dendritic cell - GM-CSF_IL4_T=6_days_R848_T=24hrs	B271	Male	mature conventional dendritic cell	venous blood		None	B271	H3K27ac	Normalized signal	bigWig	EMBL-EBI	644M	ad40c401e6ceab60bd1734cc4fd292d0	http://ftp.ebi.ac.uk/pub/databases/blueprint/data/homo_sapiens/GRCh38/venous_blood/B271/mature_conventional_dendritic_cell_-_GM-CSF_IL4_T_6_days_R848_T_24hrs/ChIP-Seq/NCMLS/S00TYVH1.ERX1302230.H3K27ac.bwa.GRCh38.20160226.bw
venous blood	immature conventional dendritic cell - GM-CSF_IL4_T=6_days	B272	Male	immature conventional dendritic cell	venous blood		None	B272	H3K27ac	Normalized signal	bigWig	EMBL-EBI	657M	3038fb6c7ba14a081eb253259b9a04e0	http://ftp.ebi.ac.uk/pub/databases/blueprint/data/homo_sapiens/GRCh38/venous_blood/B272/immature_conventional_dendritic_cell_-_GM-CSF_IL4_T_6_days/ChIP-Seq/NCMLS/S00TWZH1.ERX1302158.H3K27ac.bwa.GRCh38.20160226.bw
venous blood	mature conventional dendritic cell - GM-CSF_IL4_T=6_days_R848_T=24hrs	B272	Male	mature conventional dendritic cell	venous blood		None	B272	H3K27ac	Normalized signal	bigWig	EMBL-EBI	687M	e8cb51c622c6a0e1296f1d307c159cd4	http://ftp.ebi.ac.uk/pub/databases/blueprint/data/homo_sapiens/GRCh38/venous_blood/B272/mature_conventional_dendritic_cell_-_GM-CSF_IL4_T_6_days_R848_T_24hrs/ChIP-Seq/NCMLS/S00U0LH1.ERX1302259.H3K27ac.bwa.GRCh38.20160226.bw
venous blood	osteoclast	BC2_0	Male	osteoclast	venous blood		None	BC2_0	H3K27ac	Normalized signal	bigWig	EMBL-EBI	679M	73e4272daaaa30dcb8a7d4baa014d972	http://ftp.ebi.ac.uk/pub/databases/blueprint/data/homo_sapiens/GRCh38/venous_blood/BC2_0/osteoclast/ChIP-Seq/NCMLS/S01GKTH1.ERX1304140.H3K27ac.bwa.GRCh38.20160226.bw
venous blood	osteoclast	BC2_10	Male	osteoclast	venous blood		None	BC2_10	H3K27ac	Normalized signal	bigWig	EMBL-EBI	602M	36f86497aae0d56cb35cd8f47bfaea91	http://ftp.ebi.ac.uk/pub/databases/blueprint/data/homo_sapiens/GRCh38/venous_blood/BC2_10/osteoclast/ChIP-Seq/NCMLS/S01GMPH1.ERX1304144.H3K27ac.bwa.GRCh38.20160226.bw
venous blood	monocyte - T=10day_RANK_M-CSF	blueprint_donor_1	Male	monocyte	venous blood		None	blueprint_donor_1	H3K27ac	Normalized signal	bigWig	EMBL-EBI	533M	936cec6375f298a979006bd7d5c9a3d5	http://ftp.ebi.ac.uk/pub/databases/blueprint/data/homo_sapiens/GRCh38/venous_blood/blueprint_donor_1/monocyte_-_T_10day_RANK_M-CSF/ChIP-Seq/NCMLS/S01PJWH1.ERX1384800.H3K27ac.bwa.GRCh38.20160324.bw
venous blood	CD14-positive, CD16-negative classical monocyte	C000S5	Male	CD14-positive, CD16-negative classical monocyte	venous blood		None	C000S5	H3K27ac	Normalized signal	bigWig	EMBL-EBI	1.1G	f1c450abd52eca656e0bedd3c69c6df3	http://ftp.ebi.ac.uk/pub/databases/blueprint/data/homo_sapiens/GRCh38/venous_blood/C000S5/CD14-positive_CD16-negative_classical_monocyte/ChIP-Seq/NCMLS/C000S5H2.ERX173536.H3K27ac.bwa.GRCh38.20150529.bw
venous blood	CD14-positive, CD16-negative classical monocyte	C000S5	Male	CD14-positive, CD16-negative classical monocyte	venous blood		None	C000S5	H3K27ac	Normalized signal	bigWig	EMBL-EBI	1.1G	de57d683318088b44618f238f4804d93	http://ftp.ebi.ac.uk/pub/databases/blueprint/data/homo_sapiens/GRCh38/venous_blood/C000S5/CD14-positive_CD16-negative_classical_monocyte/ChIP-Seq/NCMLS/C000S5H2.ERX547980.H3K27ac.bwa.GRCh38.20150528.bw
venous blood	mature neutrophil	C000S5	Male	mature neutrophil	venous blood		None	C000S5	H3K27ac	Normalized signal	bigWig	EMBL-EBI	1.1G	329726df1fa968ab6f0b71f7c95f87fd	http://ftp.ebi.ac.uk/pub/databases/blueprint/data/homo_sapiens/GRCh38/venous_blood/C000S5/mature_neutrophil/ChIP-Seq/NCMLS/C000S5H1.ERX149095.H3K27ac.bwa.GRCh38.20150528.bw
venous blood	mature neutrophil	C000S5	Male	mature neutrophil	venous blood		None	C000S5	H3K27ac	Normalized signal	bigWig	EMBL-EBI	672M	359b8ce166e0dc35be261ac4b4d8d1ea	http://ftp.ebi.ac.uk/pub/databases/blueprint/data/homo_sapiens/GRCh38/venous_blood/C000S5/mature_neutrophil/ChIP-Seq/NCMLS/C000S5H1.ERX547973.H3K27ac.bwa.GRCh38.20150528.bw
venous blood	CD14-positive, CD16-negative classical monocyte	C0010K	Female	CD14-positive, CD16-negative classical monocyte	venous blood		None	C0010K	H3K27ac	Normalized signal	bigWig	EMBL-EBI	1.2G	fe3e3ebf0e91ddb09a3f2dcd8fab4055	http://ftp.ebi.ac.uk/pub/databases/blueprint/data/homo_sapiens/GRCh38/venous_blood/C0010K/CD14-positive_CD16-negative_classical_monocyte/ChIP-Seq/NCMLS/C0010KH1.ERX197174.H3K27ac.bwa.GRCh38.20150528.bw
venous blood	mature neutrophil	C0010K	Female	mature neutrophil	venous blood		None	C0010K	H3K27ac	Normalized signal	bigWig	EMBL-EBI	1.2G	b40444d22f7721d208d6d715f6208fb1	http://ftp.ebi.ac.uk/pub/databases/blueprint/data/homo_sapiens/GRCh38/venous_blood/C0010K/mature_neutrophil/ChIP-Seq/NCMLS/C0010KH2.ERX232227.H3K27ac.bwa.GRCh38.20150528.bw
venous blood	CD14-positive, CD16-negative classical monocyte	C0011I	Female	CD14-positive, CD16-negative classical monocyte	venous blood		None	C0011I	H3K27ac	Normalized signal	bigWig	EMBL-EBI	1.1G	7a7e28aa0db9023597210b6168ed6ded	http://ftp.ebi.ac.uk/pub/databases/blueprint/data/homo_sapiens/GRCh38/venous_blood/C0011I/CD14-positive_CD16-negative_classical_monocyte/ChIP-Seq/NCMLS/C0011IH1.ERX197160.H3K27ac.bwa.GRCh38.20150528.bw
venous blood	mature neutrophil	C0011I	Female	mature neutrophil	venous blood		None	C0011I	H3K27ac	Normalized signal	bigWig	EMBL-EBI	1003M	3133e620c905206b486db2dcc6c34bc2	http://ftp.ebi.ac.uk/pub/databases/blueprint/data/homo_sapiens/GRCh38/venous_blood/C0011I/mature_neutrophil/ChIP-Seq/NCMLS/C0011IH2.ERX149097.H3K27ac.bwa.GRCh38.20150528.bw
venous blood	CD14-positive, CD16-negative classical monocyte	C001UY	Male	CD14-positive, CD16-negative classical monocyte	venous blood		None	C001UY	H3K27ac	Normalized signal	bigWig	EMBL-EBI	1.1G	7f3dd0567c57776e50b4deec7cec8e9b	http://ftp.ebi.ac.uk/pub/databases/blueprint/data/homo_sapiens/GRCh38/venous_blood/C001UY/CD14-positive_CD16-negative_classical_monocyte/ChIP-Seq/NCMLS/C001UYH2.ERX197162.H3K27ac.bwa.GRCh38.20150528.bw
venous blood	CD14-positive, CD16-negative classical monocyte	C001UY	Male	CD14-positive, CD16-negative classical monocyte	venous blood		None	C001UY	H3K27ac	Normalized signal	bigWig	EMBL-EBI	703M	c44328d37c39ab54e5efbc032dbb387a	http://ftp.ebi.ac.uk/pub/databases/blueprint/data/homo_sapiens/GRCh38/venous_blood/C001UY/CD14-positive_CD16-negative_classical_monocyte/ChIP-Seq/NCMLS/C001UYH2.ERX547988.H3K27ac.bwa.GRCh38.20150528.bw
venous blood	mature neutrophil	C001UY	Male	mature neutrophil	venous blood		None	C001UY	H3K27ac	Normalized signal	bigWig	EMBL-EBI	1.2G	962a2c256e01cc4b769ecd42423b67a5	http://ftp.ebi.ac.uk/pub/databases/blueprint/data/homo_sapiens/GRCh38/venous_blood/C001UY/mature_neutrophil/ChIP-Seq/NCMLS/C001UYH1.ERX300743.H3K27ac.bwa.GRCh38.20150528.bw
venous blood	CD4-positive, alpha-beta T cell	C002Q1	Male	CD4-positive, alpha-beta T cell	venous blood		None	C002Q1	H3K27ac	Normalized signal	bigWig	EMBL-EBI	1.2G	fcf3edf0841373c7131b369751c793a2	http://ftp.ebi.ac.uk/pub/databases/blueprint/data/homo_sapiens/GRCh38/venous_blood/C002Q1/CD4-positive_alpha-beta_T_cell/ChIP-Seq/NCMLS/C002Q1H1.ERX197202.H3K27ac.bwa.GRCh38.20150528.bw
venous blood	CD4-positive, alpha-beta T cell	C002TW	Male	CD4-positive, alpha-beta T cell	venous blood		None	C002TW	H3K27ac	Normalized signal	bigWig	EMBL-EBI	1.2G	72dd8566e14decdcc21fc96eab90ebca	http://ftp.ebi.ac.uk/pub/databases/blueprint/data/homo_sapiens/GRCh38/venous_blood/C002TW/CD4-positive_alpha-beta_T_cell/ChIP-Seq/NCMLS/C002TWH1.ERX197215.H3K27ac.bwa.GRCh38.20150529.bw
venous blood	central memory CD4-positive, alpha-beta T cell	C002TW	Male	central memory CD4-positive, alpha-beta T cell	venous blood		None	C002TW	H3K27ac	Normalized signal	bigWig	EMBL-EBI	706M	ea581b6fdd40250965ffa3447698c5f6	http://ftp.ebi.ac.uk/pub/databases/blueprint/data/homo_sapiens/GRCh38/venous_blood/C002TW/central_memory_CD4-positive_alpha-beta_T_cell/ChIP-Seq/NCMLS/C002TWH2.ERX682357.H3K27ac.bwa.GRCh38.20150528.bw
venous blood	CD8-positive, alpha-beta T cell	C003TS	Male	CD8-positive, alpha-beta T cell	venous blood		None	C003TS	H3K27ac	Normalized signal	bigWig	EMBL-EBI	1.1G	cfaab9760faee8a813bf6db04c6c0660	http://ftp.ebi.ac.uk/pub/databases/blueprint/data/homo_sapiens/GRCh38/venous_blood/C003TS/CD8-positive_alpha-beta_T_cell/ChIP-Seq/NCMLS/C003TSH1.ERX1122606.H3K27ac.bwa.GRCh38.20151029.bw
venous blood	effector memory CD8-positive, alpha-beta T cell	C003UQ	Male	effector memory CD8-positive, alpha-beta T cell	venous blood		None	C003UQ	H3K27ac	Normalized signal	bigWig	EMBL-EBI	604M	d4f6e371ad45c8376207defd0e104af4	http://ftp.ebi.ac.uk/pub/databases/blueprint/data/homo_sapiens/GRCh38/venous_blood/C003UQ/effector_memory_CD8-positive_alpha-beta_T_cell/ChIP-Seq/NCMLS/C003UQH1.ERX550669.H3K27ac.bwa.GRCh38.20150528.bw
venous blood	CD14-positive, CD16-negative classical monocyte	C00408	Male	CD14-positive, CD16-negative classical monocyte	venous blood		None	C00408	H3K27ac	Normalized signal	bigWig	EMBL-EBI	683M	e12cb8c0f0c8945c7e75bda377329d53	http://ftp.ebi.ac.uk/pub/databases/blueprint/data/homo_sapiens/GRCh38/venous_blood/C00408/CD14-positive_CD16-negative_classical_monocyte/ChIP-Seq/NCMLS/C00408H2.ERX780115.H3K27ac.bwa.GRCh38.20150529.bw
venous blood	CD14-positive, CD16-negative classical monocyte	C004SQ	Female	CD14-positive, CD16-negative classical monocyte	venous blood		None	C004SQ	H3K27ac	Normalized signal	bigWig	EMBL-EBI	1.2G	331c96067bcace6e72b7b0194e359fa5	http://ftp.ebi.ac.uk/pub/databases/blueprint/data/homo_sapiens/GRCh38/venous_blood/C004SQ/CD14-positive_CD16-negative_classical_monocyte/ChIP-Seq/NCMLS/C004SQH1.ERX190917.H3K27ac.bwa.GRCh38.20150528.bw
venous blood	cytotoxic CD56-dim natural killer cell	C00504	Female	cytotoxic CD56-dim natural killer cell	venous blood		None	C00504	H3K27ac	Normalized signal	bigWig	EMBL-EBI	1.2G	5889140571f78642ecd6480f8190341d	http://ftp.ebi.ac.uk/pub/databases/blueprint/data/homo_sapiens/GRCh38/venous_blood/C00504/cytotoxic_CD56-dim_natural_killer_cell/ChIP-Seq/NCMLS/C00504H1.ERX682364.H3K27ac.bwa.GRCh38.20150528.bw
venous blood	effector memory CD8-positive, alpha-beta T cell	C0054X	Female	effector memory CD8-positive, alpha-beta T cell	venous blood		None	C0054X	H3K27ac	Normalized signal	bigWig	EMBL-EBI	1.2G	eb720a184ce7c4f0efed90a4647a1b0e	http://ftp.ebi.ac.uk/pub/databases/blueprint/data/homo_sapiens/GRCh38/venous_blood/C0054X/effector_memory_CD8-positive_alpha-beta_T_cell/ChIP-Seq/NCMLS/C0054XH3.ERX682362.H3K27ac.bwa.GRCh38.20150529.bw
venous blood	macrophage	C005VG	Male	macrophage	venous blood		None	C005VG	H3K27ac	Normalized signal	bigWig	EMBL-EBI	725M	72e2294363c81ead2103a0136c3557d9	http://ftp.ebi.ac.uk/pub/databases/blueprint/data/homo_sapiens/GRCh38/venous_blood/C005VG/macrophage/ChIP-Seq/NCMLS/C005VGH1.ERX555680.H3K27ac.bwa.GRCh38.20150528.bw
venous blood	cytotoxic CD56-dim natural killer cell	C0062X	Male	cytotoxic CD56-dim natural killer cell	venous blood		None	C0062X	H3K27ac	Normalized signal	bigWig	EMBL-EBI	1.1G	a9047c78347d6f90301c5a47fb08fa60	http://ftp.ebi.ac.uk/pub/databases/blueprint/data/homo_sapiens/GRCh38/venous_blood/C0062X/cytotoxic_CD56-dim_natural_killer_cell/ChIP-Seq/NCMLS/C0062XH1.ERX682363.H3K27ac.bwa.GRCh38.20150528.bw
venous blood	mature neutrophil	C12012	Male	mature neutrophil	venous blood		None	C12012	H3K27ac	Normalized signal	bigWig	EMBL-EBI	880M	fea4b763c5718ad37ca2e10bb456bc44	http://ftp.ebi.ac.uk/pub/databases/blueprint/data/homo_sapiens/GRCh38/venous_blood/C12012/mature_neutrophil/ChIP-Seq/NCMLS/C12012H1.ERX173525.H3K27ac.bwa.GRCh38.20150529.bw
venous blood	mature neutrophil	C12012	Male	mature neutrophil	venous blood		None	C12012	H3K27ac	Normalized signal	bigWig	EMBL-EBI	616M	4f2e98b9332a11a54b9606014cdc4234	http://ftp.ebi.ac.uk/pub/databases/blueprint/data/homo_sapiens/GRCh38/venous_blood/C12012/mature_neutrophil/ChIP-Seq/NCMLS/C12012H1.ERX547969.H3K27ac.bwa.GRCh38.20150528.bw
venous blood	class switched memory B cell	csMBC pool 2	Male	class switched memory B cell	venous blood		None	csMBC pool 2	H3K27ac	Normalized signal	bigWig	EMBL-EBI	1.1G	88af61bd131bae77982189801f28d617	http://ftp.ebi.ac.uk/pub/databases/blueprint/data/homo_sapiens/GRCh38/venous_blood/csMBC_pool_2/class_switched_memory_B_cell/ChIP-Seq/NCMLS/S015BHH1.ERX1007488.H3K27ac.bwa.GRCh38.20151029.bw
venous blood	class switched memory B cell	csMBC pool 8	Female	class switched memory B cell	venous blood		None	csMBC pool 8	H3K27ac	Normalized signal	bigWig	EMBL-EBI	1.5G	a2883fc372a1194da2e537d44e9c2b47	http://ftp.ebi.ac.uk/pub/databases/blueprint/data/homo_sapiens/GRCh38/venous_blood/csMBC_pool_8/class_switched_memory_B_cell/ChIP-Seq/NCMLS/S015CFH1.ERX1122434.H3K27ac.bwa.GRCh38.20151029.bw
venous blood	macrophage - T=6days B-glucan	N00031319896021	Female	macrophage	venous blood		None	N00031319896021	H3K27ac	Normalized signal	bigWig	EMBL-EBI	1.1G	c4b3a21c768e9e0604e0835a9d517a18	http://ftp.ebi.ac.uk/pub/databases/blueprint/data/homo_sapiens/GRCh38/venous_blood/N00031319896021/macrophage_-_T_6days_B-glucan/ChIP-Seq/NCMLS/S00C0JH1.ERX547233.H3K27ac.bwa.GRCh38.20150528.bw
venous blood	macrophage - T=6days LPS	N00031319896021	Female	macrophage	venous blood		None	N00031319896021	H3K27ac	Normalized signal	bigWig	EMBL-EBI	1.2G	960c6e31c67f50f256e79fbf58b0fa53	http://ftp.ebi.ac.uk/pub/databases/blueprint/data/homo_sapiens/GRCh38/venous_blood/N00031319896021/macrophage_-_T_6days_LPS/ChIP-Seq/NCMLS/S00BYTH1.ERX547230.H3K27ac.bwa.GRCh38.20150528.bw
venous blood	macrophage - T=6days untreated	N00031319896021	Female	macrophage	venous blood		None	N00031319896021	H3K27ac	Normalized signal	bigWig	EMBL-EBI	1.2G	cd4bc2f5b2471dfe5133f9690b4fa295	http://ftp.ebi.ac.uk/pub/databases/blueprint/data/homo_sapiens/GRCh38/venous_blood/N00031319896021/macrophage_-_T_6days_untreated/ChIP-Seq/NCMLS/S00BXVH1.ERX547227.H3K27ac.bwa.GRCh38.20150528.bw
venous blood	monocyte - T=0days	N00031319896021	Female	monocyte	venous blood		None	N00031319896021	H3K27ac	Normalized signal	bigWig	EMBL-EBI	1.2G	58b4d7441699913560c2445e059db35f	http://ftp.ebi.ac.uk/pub/databases/blueprint/data/homo_sapiens/GRCh38/venous_blood/N00031319896021/monocyte_-_T_0days/ChIP-Seq/NCMLS/S00BWXH1.ERX547236.H3K27ac.bwa.GRCh38.20150528.bw
venous blood	macrophage - T=6days B-glucan	N00031401639721	Male	macrophage	venous blood		None	N00031401639721	H3K27ac	Normalized signal	bigWig	EMBL-EBI	392M	a0da2b2659b0f8f68f79cf9b67dc81c6	http://ftp.ebi.ac.uk/pub/databases/blueprint/data/homo_sapiens/GRCh38/venous_blood/N00031401639721/macrophage_-_T_6days_B-glucan/ChIP-Seq/NCMLS/S00NN3H1.ERX547247.H3K27ac.bwa.GRCh38.20150528.bw
venous blood	macrophage - T=6days LPS	N00031401639721	Male	macrophage	venous blood		None	N00031401639721	H3K27ac	Normalized signal	bigWig	EMBL-EBI	458M	a5c555b48513ba8eb8b26c5f50657b15	http://ftp.ebi.ac.uk/pub/databases/blueprint/data/homo_sapiens/GRCh38/venous_blood/N00031401639721/macrophage_-_T_6days_LPS/ChIP-Seq/NCMLS/S00NM5H1.ERX547244.H3K27ac.bwa.GRCh38.20150528.bw
venous blood	macrophage - T=6days untreated	N00031401639721	Male	macrophage	venous blood		None	N00031401639721	H3K27ac	Normalized signal	bigWig	EMBL-EBI	401M	eab360384697684e1ea6fbb6f5120387	http://ftp.ebi.ac.uk/pub/databases/blueprint/data/homo_sapiens/GRCh38/venous_blood/N00031401639721/macrophage_-_T_6days_untreated/ChIP-Seq/NCMLS/S00NK9H1.ERX547241.H3K27ac.bwa.GRCh38.20150528.bw
venous blood	monocyte - T=0days	N00031401639721	Male	monocyte	venous blood		None	N00031401639721	H3K27ac	Normalized signal	bigWig	EMBL-EBI	407M	c12c8f575b81a2ed436fcda27ea4e77c	http://ftp.ebi.ac.uk/pub/databases/blueprint/data/homo_sapiens/GRCh38/venous_blood/N00031401639721/monocyte_-_T_0days/ChIP-Seq/NCMLS/S00NJBH1.ERX547238.H3K27ac.bwa.GRCh38.20150528.bw
venous blood	naive B cell	NC14_29	Female	naive B cell	venous blood		None	NC14_29	H3K27ac	Normalized signal	bigWig	EMBL-EBI	1.1G	3b890ac226fe998e80440cd0f2bbe78e	http://ftp.ebi.ac.uk/pub/databases/blueprint/data/homo_sapiens/GRCh38/venous_blood/NC14_29/naive_B_cell/ChIP-Seq/NCMLS/S00VQ2H1.ERX1122419.H3K27ac.bwa.GRCh38.20151029.bw
venous blood	naive B cell	NC14_42	Male	naive B cell	venous blood		None	NC14_42	H3K27ac	Normalized signal	bigWig	EMBL-EBI	1.1G	0f813a7a0e437d79f270c4886aead5f9	http://ftp.ebi.ac.uk/pub/databases/blueprint/data/homo_sapiens/GRCh38/venous_blood/NC14_42/naive_B_cell/ChIP-Seq/NCMLS/S00X9SH1.ERX712778.H3K27ac.bwa.GRCh38.20150529.bw
venous blood	naive B cell	NC14_47	Male	naive B cell	venous blood		None	NC14_47	H3K27ac	Normalized signal	bigWig	EMBL-EBI	761M	67694b175d512cd43bbe2c076e536b0b	http://ftp.ebi.ac.uk/pub/databases/blueprint/data/homo_sapiens/GRCh38/venous_blood/NC14_47/naive_B_cell/ChIP-Seq/NCMLS/S00XAQH1.ERX712760.H3K27ac.bwa.GRCh38.20150529.bw
venous blood	naive B cell	NC14_5	Male	naive B cell	venous blood		None	NC14_5	H3K27ac	Normalized signal	bigWig	EMBL-EBI	486M	eed4c17a77c9338869c2ec82ec7d6298	http://ftp.ebi.ac.uk/pub/databases/blueprint/data/homo_sapiens/GRCh38/venous_blood/NC14_5/naive_B_cell/ChIP-Seq/NCMLS/S00W1BH1.ERX712695.H3K27ac.bwa.GRCh38.20150528.bw
venous blood	mature neutrophil	PB100713	Male	mature neutrophil	venous blood		None	PB100713	H3K27ac	Normalized signal	bigWig	EMBL-EBI	1018M	964e1bce9eb54c7a95484a927cd01897	http://ftp.ebi.ac.uk/pub/databases/blueprint/data/homo_sapiens/GRCh38/venous_blood/PB100713/mature_neutrophil/ChIP-Seq/NCMLS/S00K5EH1.ERX651380.H3K27ac.bwa.GRCh38.20150528.bw
venous blood	mature neutrophil - G-CSF/Dex. Treatment (16-20 hrs)	PB100713	Male	mature neutrophil	venous blood		None	PB100713	H3K27ac	Normalized signal	bigWig	EMBL-EBI	557M	dc2ffb5e4d22f3566db78e3666b192cf	http://ftp.ebi.ac.uk/pub/databases/blueprint/data/homo_sapiens/GRCh38/venous_blood/PB100713/mature_neutrophil_-_G-CSF_Dex._Treatment_16-20_hrs/ChIP-Seq/NCMLS/S00K6CH1.ERX651376.H3K27ac.bwa.GRCh38.20150528.bw
venous blood	mature neutrophil	PB130513	Male	mature neutrophil	venous blood		None	PB130513	H3K27ac	Normalized signal	bigWig	EMBL-EBI	491M	4e86eca1b16a1cecb698fe24b55692a6	http://ftp.ebi.ac.uk/pub/databases/blueprint/data/homo_sapiens/GRCh38/venous_blood/PB130513/mature_neutrophil/ChIP-Seq/NCMLS/S00FWHH1.ERX913214.H3K27ac.bwa.GRCh38.20150529.bw
venous blood	mature neutrophil - G-CSF/Dex. Treatment (16-20 hrs)	PB130513	Male	mature neutrophil	venous blood		None	PB130513	H3K27ac	Normalized signal	bigWig	EMBL-EBI	596M	20e755f98a5944ea8f294251fdaaeaab	http://ftp.ebi.ac.uk/pub/databases/blueprint/data/homo_sapiens/GRCh38/venous_blood/PB130513/mature_neutrophil_-_G-CSF_Dex._Treatment_16-20_hrs/ChIP-Seq/NCMLS/S00FXFH1.ERX913217.H3K27ac.bwa.GRCh38.20150529.bw
venous blood	mature neutrophil	PB270313	Male	mature neutrophil	venous blood		None	PB270313	H3K27ac	Normalized signal	bigWig	EMBL-EBI	679M	4b612baa94dbf2b7e65c34e5f64ca70c	http://ftp.ebi.ac.uk/pub/databases/blueprint/data/homo_sapiens/GRCh38/venous_blood/PB270313/mature_neutrophil/ChIP-Seq/NCMLS/S00K7AH1.ERX651381.H3K27ac.bwa.GRCh38.20150528.bw
venous blood	mature neutrophil - G-CSF/Dex. Treatment (16-20 hrs)	PB270313	Male	mature neutrophil	venous blood		None	PB270313	H3K27ac	Normalized signal	bigWig	EMBL-EBI	431M	6cd020304253c39842ac3d14f2a30dde	http://ftp.ebi.ac.uk/pub/databases/blueprint/data/homo_sapiens/GRCh38/venous_blood/PB270313/mature_neutrophil_-_G-CSF_Dex._Treatment_16-20_hrs/ChIP-Seq/NCMLS/S00K88H1.ERX913219.H3K27ac.bwa.GRCh38.20150529.bw
venous blood	unswitched memory B cell	Pool_9	Male	unswitched memory B cell	venous blood		None	Pool_9	H3K27ac	Normalized signal	bigWig	EMBL-EBI	755M	a45eb2c6499998d4408613b0cac6bbc7	http://ftp.ebi.ac.uk/pub/databases/blueprint/data/homo_sapiens/GRCh38/venous_blood/Pool_9/unswitched_memory_B_cell/ChIP-Seq/NCMLS/S015DDH1.ERX1122486.H3K27ac.bwa.GRCh38.20151029.bw
venous blood	monocyte - None	Primary_monocytes_Donor_C	Male	monocyte	venous blood		None	Primary_monocytes_Donor_C	H3K27ac	Normalized signal	bigWig	EMBL-EBI	1.1G	227f0ac0694024c29b1d316e3ec27d94	http://ftp.ebi.ac.uk/pub/databases/blueprint/data/homo_sapiens/GRCh38/venous_blood/Primary_monocytes_Donor_C/monocyte_-_None/ChIP-Seq/NCMLS/S01BM8H1.ERX1484937.H3K27ac.bwa.GRCh38.20160527.bw
venous blood	monocyte - None	Primary_monocytes_Donor_E	Female	monocyte	venous blood		None	Primary_monocytes_Donor_E	H3K27ac	Normalized signal	bigWig	EMBL-EBI	664M	48b0def79ff7ad7210bd74bb65ad137d	http://ftp.ebi.ac.uk/pub/databases/blueprint/data/homo_sapiens/GRCh38/venous_blood/Primary_monocytes_Donor_E/monocyte_-_None/ChIP-Seq/NCMLS/S01E11H1.ERX1484943.H3K27ac.bwa.GRCh38.20160527.bw
venous blood	monocyte - None	Primary_monocytes_Donor_F	Female	monocyte	venous blood		None	Primary_monocytes_Donor_F	H3K27ac	Normalized signal	bigWig	EMBL-EBI	1.1G	2055d133d24cc92c5ba6aaae0987d573	http://ftp.ebi.ac.uk/pub/databases/blueprint/data/homo_sapiens/GRCh38/venous_blood/Primary_monocytes_Donor_F/monocyte_-_None/ChIP-Seq/NCMLS/S01JGPH1.ERX1484940.H3K27ac.bwa.GRCh38.20160527.bw
venous blood	CD38-negative naive B cell	S0016E	Female	CD38-negative naive B cell	venous blood		None	S0016E	H3K27ac	Normalized signal	bigWig	EMBL-EBI	1.2G	751dd47956c0541de3076a1a934c8f79	http://ftp.ebi.ac.uk/pub/databases/blueprint/data/homo_sapiens/GRCh38/venous_blood/S0016E/CD38-negative_naive_B_cell/ChIP-Seq/NCMLS/S0016EH1.ERX406901.H3K27ac.bwa.GRCh38.20150528.bw
venous blood	inflammatory macrophage	S001MJ	Male	inflammatory macrophage	venous blood		None	S001MJ	H3K27ac	Normalized signal	bigWig	EMBL-EBI	1.1G	cc2551ab5c7da34ed1ccde48c43cb37a	http://ftp.ebi.ac.uk/pub/databases/blueprint/data/homo_sapiens/GRCh38/venous_blood/S001MJ/inflammatory_macrophage/ChIP-Seq/NCMLS/S001MJH1.ERX300663.H3K27ac.bwa.GRCh38.20150528.bw
venous blood	inflammatory macrophage	S001S7	Female	inflammatory macrophage	venous blood		None	S001S7	H3K27ac	Normalized signal	bigWig	EMBL-EBI	997M	321b11494d2d34d9f5a3c460ea41eda6	http://ftp.ebi.ac.uk/pub/databases/blueprint/data/homo_sapiens/GRCh38/venous_blood/S001S7/inflammatory_macrophage/ChIP-Seq/NCMLS/S001S7H2.ERX337055.H3K27ac.bwa.GRCh38.20150528.bw
venous blood	macrophage	S001S7	Female	macrophage	venous blood		None	S001S7	H3K27ac	Normalized signal	bigWig	EMBL-EBI	1.1G	21a8bf79cd11da44f3db96bf5a7712fd	http://ftp.ebi.ac.uk/pub/databases/blueprint/data/homo_sapiens/GRCh38/venous_blood/S001S7/macrophage/ChIP-Seq/NCMLS/S001S7H1.ERX337032.H3K27ac.bwa.GRCh38.20150528.bw
venous blood	inflammatory macrophage	S0022I	Female	inflammatory macrophage	venous blood		None	S0022I	H3K27ac	Normalized signal	bigWig	EMBL-EBI	1.2G	a80cac93160e3ad12b6afa7f4bc41f66	http://ftp.ebi.ac.uk/pub/databases/blueprint/data/homo_sapiens/GRCh38/venous_blood/S0022I/inflammatory_macrophage/ChIP-Seq/NCMLS/S0022IH2.ERX300680.H3K27ac.bwa.GRCh38.20150528.bw
venous blood	macrophage	S0022I	Female	macrophage	venous blood		None	S0022I	H3K27ac	Normalized signal	bigWig	EMBL-EBI	1.1G	1818cfe8115cd62e0d382f5b3446007d	http://ftp.ebi.ac.uk/pub/databases/blueprint/data/homo_sapiens/GRCh38/venous_blood/S0022I/macrophage/ChIP-Seq/NCMLS/S0022IH1.ERX300726.H3K27ac.bwa.GRCh38.20150528.bw
venous blood	CD38-negative naive B cell	S0033CH0	Male	CD38-negative naive B cell	venous blood		None	C003JB,C003RW,C003N3,C003QY	H3K27ac	Normalized signal	bigWig	EMBL-EBI	1.3G	33007cd88207c340e4c858f0a2ab8bd2	http://ftp.ebi.ac.uk/pub/databases/blueprint/data/homo_sapiens/GRCh38/venous_blood/S0033CH0/CD38-negative_naive_B_cell/ChIP-Seq/NCMLS/S0033CH0.ERX406944.H3K27ac.bwa.GRCh38.20150528.bw
venous blood	macrophage	S00390	Male	macrophage	venous blood		None	S00390	H3K27ac	Normalized signal	bigWig	EMBL-EBI	1.3G	b2b3f5a44e346cdce229a084d78107ff	http://ftp.ebi.ac.uk/pub/databases/blueprint/data/homo_sapiens/GRCh38/venous_blood/S00390/macrophage/ChIP-Seq/NCMLS/S00390H1.ERX300684.H3K27ac.bwa.GRCh38.20150528.bw
venous blood	CD38-negative naive B cell	S004KB	Male	CD38-negative naive B cell	venous blood		None	S004KB	H3K27ac	Normalized signal	bigWig	EMBL-EBI	1.1G	1eb6fd054191022af19ee0b949bc6093	http://ftp.ebi.ac.uk/pub/databases/blueprint/data/homo_sapiens/GRCh38/venous_blood/S004KB/CD38-negative_naive_B_cell/ChIP-Seq/NCMLS/S004KBH1.ERX682356.H3K27ac.bwa.GRCh38.20150529.bw
venous blood	alternatively activated macrophage	S00622	Male	alternatively activated macrophage	venous blood		None	S00622	H3K27ac	Normalized signal	bigWig	EMBL-EBI	1.2G	beec396d53cae16c8090993b192f77b7	http://ftp.ebi.ac.uk/pub/databases/blueprint/data/homo_sapiens/GRCh38/venous_blood/S00622/alternatively_activated_macrophage/ChIP-Seq/NCMLS/S00622H1.ERX337015.H3K27ac.bwa.GRCh38.20150528.bw
venous blood	alternatively activated macrophage	S006VI	Male	alternatively activated macrophage	venous blood		None	S006VI	H3K27ac	Normalized signal	bigWig	EMBL-EBI	1.2G	2805cd981b39468399c59d571d65ba14	http://ftp.ebi.ac.uk/pub/databases/blueprint/data/homo_sapiens/GRCh38/venous_blood/S006VI/alternatively_activated_macrophage/ChIP-Seq/NCMLS/S006VIH1.ERX337022.H3K27ac.bwa.GRCh38.20150528.bw
venous blood	mature eosinophil	S006XE	Male	mature eosinophil	venous blood		None	S006XE	H3K27ac	Normalized signal	bigWig	EMBL-EBI	1.1G	64a42a955cc543d51672651f08d0b3fe	http://ftp.ebi.ac.uk/pub/databases/blueprint/data/homo_sapiens/GRCh38/venous_blood/S006XE/mature_eosinophil/ChIP-Seq/NCMLS/S006XEH2.ERX547942.H3K27ac.bwa.GRCh38.20150528.bw
venous blood	CD4-positive, alpha-beta T cell	S007DD	Female	CD4-positive, alpha-beta T cell	venous blood		None	S007DD	H3K27ac	Normalized signal	bigWig	EMBL-EBI	1.1G	bdc06e6bd460fa17424a07aebe1afb7c	http://ftp.ebi.ac.uk/pub/databases/blueprint/data/homo_sapiens/GRCh38/venous_blood/S007DD/CD4-positive_alpha-beta_T_cell/ChIP-Seq/NCMLS/S007DDH2.ERX337023.H3K27ac.bwa.GRCh38.20150528.bw
venous blood	CD4-positive, alpha-beta T cell	S007G7	Male	CD4-positive, alpha-beta T cell	venous blood		None	S007G7	H3K27ac	Normalized signal	bigWig	EMBL-EBI	740M	e46e7227a8cd0a02d6333a4cafa4c0de	http://ftp.ebi.ac.uk/pub/databases/blueprint/data/homo_sapiens/GRCh38/venous_blood/S007G7/CD4-positive_alpha-beta_T_cell/ChIP-Seq/NCMLS/S007G7H4.ERX547941.H3K27ac.bwa.GRCh38.20150528.bw
venous blood	CD4-positive, alpha-beta T cell	S008H1	Male	CD4-positive, alpha-beta T cell	venous blood		None	S008H1	H3K27ac	Normalized signal	bigWig	EMBL-EBI	1.2G	7b475fe4b6cc94982346769552a71179	http://ftp.ebi.ac.uk/pub/databases/blueprint/data/homo_sapiens/GRCh38/venous_blood/S008H1/CD4-positive_alpha-beta_T_cell/ChIP-Seq/NCMLS/S008H1H1.ERX547940.H3K27ac.bwa.GRCh38.20150528.bw
venous blood	CD4-positive, alpha-beta T cell	S009W4	Female	CD4-positive, alpha-beta T cell	venous blood		None	S009W4	H3K27ac	Normalized signal	bigWig	EMBL-EBI	1.2G	9641b9871c3410028e9657d77c005edf	http://ftp.ebi.ac.uk/pub/databases/blueprint/data/homo_sapiens/GRCh38/venous_blood/S009W4/CD4-positive_alpha-beta_T_cell/ChIP-Seq/NCMLS/S009W4H1.ERX406902.H3K27ac.bwa.GRCh38.20150528.bw
venous blood	mature eosinophil	S00BKK	Female	mature eosinophil	venous blood		None	S00BKK	H3K27ac	Normalized signal	bigWig	EMBL-EBI	1.2G	08c2afd24945f48538268c90204d2b5d	http://ftp.ebi.ac.uk/pub/databases/blueprint/data/homo_sapiens/GRCh38/venous_blood/S00BKK/mature_eosinophil/ChIP-Seq/NCMLS/S00BKKH1.ERX406931.H3K27ac.bwa.GRCh38.20150528.bw
venous blood	alternatively activated macrophage	S00BS4	Female	alternatively activated macrophage	venous blood		None	S00BS4	H3K27ac	Normalized signal	bigWig	EMBL-EBI	1.3G	0b2f5bc3ba2e2bb5a6ac68fbafcdb5a5	http://ftp.ebi.ac.uk/pub/databases/blueprint/data/homo_sapiens/GRCh38/venous_blood/S00BS4/alternatively_activated_macrophage/ChIP-Seq/NCMLS/S00BS4H1.ERX406930.H3K27ac.bwa.GRCh38.20150528.bw
venous blood	alternatively activated macrophage	S00FTN	Female	alternatively activated macrophage	venous blood		None	S00FTN	H3K27ac	Normalized signal	bigWig	EMBL-EBI	1.2G	4464950156ea20704734c5b676167396	http://ftp.ebi.ac.uk/pub/databases/blueprint/data/homo_sapiens/GRCh38/venous_blood/S00FTN/alternatively_activated_macrophage/ChIP-Seq/NCMLS/S00FTNH1.ERX547950.H3K27ac.bwa.GRCh38.20150528.bw
venous blood	inflammatory macrophage	S00H6O	Male	inflammatory macrophage	venous blood		None	S00H6O	H3K27ac	Normalized signal	bigWig	EMBL-EBI	690M	d5d843b904a39d211c221bcdf3a679e1	http://ftp.ebi.ac.uk/pub/databases/blueprint/data/homo_sapiens/GRCh38/venous_blood/S00H6O/inflammatory_macrophage/ChIP-Seq/NCMLS/S00H6OH2.ERX604478.H3K27ac.bwa.GRCh38.20150528.bw
venous blood	macrophage	S00SQE	Male	macrophage	venous blood		None	S00SQE	H3K27ac	Normalized signal	bigWig	EMBL-EBI	1021M	124c6b38604c8472c3d9515060b20020	http://ftp.ebi.ac.uk/pub/databases/blueprint/data/homo_sapiens/GRCh38/venous_blood/S00SQE/macrophage/ChIP-Seq/NCMLS/S00SQEH1.ERX682365.H3K27ac.bwa.GRCh38.20150528.bw
venous blood	adult endothelial progenitor cell	S00UJK	Female	adult endothelial progenitor cell	venous blood		None	S00UJK	H3K27ac	Normalized signal	bigWig	EMBL-EBI	643M	b0d79e595122d737f453758b14ccd4fb	http://ftp.ebi.ac.uk/pub/databases/blueprint/data/homo_sapiens/GRCh38/venous_blood/S00UJK/adult_endothelial_progenitor_cell/ChIP-Seq/NCMLS/S00UJKH1.ERX940976.H3K27ac.bwa.GRCh38.20150529.bw
venous blood	mesenchymal stem cell of the bone marrow	S00W8Y	Unknown	mesenchymal stem cell of the bone marrow	venous blood		None	S00W8Y	H3K27ac	Normalized signal	bigWig	EMBL-EBI	756M	7e5b8f2a7501c63c26f3bd963f654053	http://ftp.ebi.ac.uk/pub/databases/blueprint/data/homo_sapiens/GRCh38/venous_blood/S00W8Y/mesenchymal_stem_cell_of_the_bone_marrow/ChIP-Seq/NCMLS/S00W8YH2.ERX1304157.H3K27ac.bwa.GRCh38.20160226.bw
venous blood	mesenchymal stem cell of the bone marrow	S00YAM	Unknown	mesenchymal stem cell of the bone marrow	venous blood		None	S00YAM	H3K27ac	Normalized signal	bigWig	EMBL-EBI	1.1G	a20cefb796db65acb2c66ca14dfad1d8	http://ftp.ebi.ac.uk/pub/databases/blueprint/data/homo_sapiens/GRCh38/venous_blood/S00YAM/mesenchymal_stem_cell_of_the_bone_marrow/ChIP-Seq/NCMLS/S00YAMH1.ERX940999.H3K27ac.bwa.GRCh38.20150529.bw
venous blood	class switched memory B cell	S00YPT	Male	class switched memory B cell	venous blood		None	S00YPT	H3K27ac	Normalized signal	bigWig	EMBL-EBI	995M	60ae58894680d3e6dbf887547d3fc549	http://ftp.ebi.ac.uk/pub/databases/blueprint/data/homo_sapiens/GRCh38/venous_blood/S00YPT/class_switched_memory_B_cell/ChIP-Seq/NCMLS/S00YPTH1.ERX1122437.H3K27ac.bwa.GRCh38.20151029.bw
venous blood	adult endothelial progenitor cell	S013GF	Female	adult endothelial progenitor cell	venous blood		None	S013GF	H3K27ac	Normalized signal	bigWig	EMBL-EBI	720M	dffea5f320e5a83ae5177449600abb1d	http://ftp.ebi.ac.uk/pub/databases/blueprint/data/homo_sapiens/GRCh38/venous_blood/S013GF/adult_endothelial_progenitor_cell/ChIP-Seq/NCMLS/S013GFH1.ERX1122484.H3K27ac.bwa.GRCh38.20151029.bw
venous blood	CD8-positive, alpha-beta T cell	S014WG	Female	CD8-positive, alpha-beta T cell	venous blood		None	S014WG	H3K27ac	Normalized signal	bigWig	EMBL-EBI	716M	1eaef555a74947c7d08fa2289b2caa2a	http://ftp.ebi.ac.uk/pub/databases/blueprint/data/homo_sapiens/GRCh38/venous_blood/S014WG/CD8-positive_alpha-beta_T_cell/ChIP-Seq/NCMLS/S014WGH1.ERX1122446.H3K27ac.bwa.GRCh38.20151029.bw
venous blood	inflammatory macrophage	S01F8K	Male	inflammatory macrophage	venous blood		None	S01F8K	H3K27ac	Normalized signal	bigWig	EMBL-EBI	705M	100f2b627aac1c24b378e48f3883f071	http://ftp.ebi.ac.uk/pub/databases/blueprint/data/homo_sapiens/GRCh38/venous_blood/S01F8K/inflammatory_macrophage/ChIP-Seq/NCMLS/S01F8KH2.ERX1122586.H3K27ac.bwa.GRCh38.20151029.bw
venous blood	macrophage	S01F8K	Male	macrophage	venous blood		None	S01F8K	H3K27ac	Normalized signal	bigWig	EMBL-EBI	680M	156a167cd2ad3eccba642fd17c6765d0	http://ftp.ebi.ac.uk/pub/databases/blueprint/data/homo_sapiens/GRCh38/venous_blood/S01F8K/macrophage/ChIP-Seq/NCMLS/S01F8KH1.ERX1122584.H3K27ac.bwa.GRCh38.20151029.bw
venous blood	alternatively activated macrophage	S01FW9	Male	alternatively activated macrophage	venous blood		None	S01FW9	H3K27ac	Normalized signal	bigWig	EMBL-EBI	693M	75e622792b04d132790bfc5bead00382	http://ftp.ebi.ac.uk/pub/databases/blueprint/data/homo_sapiens/GRCh38/venous_blood/S01FW9/alternatively_activated_macrophage/ChIP-Seq/NCMLS/S01FW9H2.ERX1304198.H3K27ac.bwa.GRCh38.20160226.bw
venous blood	monocyte - Attached_T=1hr	SANQUIN_mono_11	Female	monocyte	venous blood		None	SANQUIN_mono_11	H3K27ac	Normalized signal	bigWig	EMBL-EBI	619M	5d826e91559d3646ca2c4295995d972b	http://ftp.ebi.ac.uk/pub/databases/blueprint/data/homo_sapiens/GRCh38/venous_blood/SANQUIN_mono_11/monocyte_-_Attached_T_1hr/ChIP-Seq/NCMLS/S00W9WH1.ERX1302251.H3K27ac.bwa.GRCh38.20160226.bw
venous blood	monocyte - RPMI_BG_T=1hr	SANQUIN_mono_11	Female	monocyte	venous blood		None	SANQUIN_mono_11	H3K27ac	Normalized signal	bigWig	EMBL-EBI	614M	0cb15eaa709816c87f6d92ee5cfdc6c2	http://ftp.ebi.ac.uk/pub/databases/blueprint/data/homo_sapiens/GRCh38/venous_blood/SANQUIN_mono_11/monocyte_-_RPMI_BG_T_1hr/ChIP-Seq/NCMLS/S00WBSH1.ERX1302283.H3K27ac.bwa.GRCh38.20160226.bw
venous blood	monocyte - RPMI_BG_T=24hrs	SANQUIN_mono_11	Female	monocyte	venous blood		None	SANQUIN_mono_11	H3K27ac	Normalized signal	bigWig	EMBL-EBI	646M	3f47958c60a31c74d34ec08148410582	http://ftp.ebi.ac.uk/pub/databases/blueprint/data/homo_sapiens/GRCh38/venous_blood/SANQUIN_mono_11/monocyte_-_RPMI_BG_T_24hrs/ChIP-Seq/NCMLS/S00WGIH1.ERX1302174.H3K27ac.bwa.GRCh38.20160226.bw
venous blood	monocyte - RPMI_BG_T=4hrs	SANQUIN_mono_11	Female	monocyte	venous blood		None	SANQUIN_mono_11	H3K27ac	Normalized signal	bigWig	EMBL-EBI	644M	7f9f7c8119a4fdc39824e3a3eb63b32c	http://ftp.ebi.ac.uk/pub/databases/blueprint/data/homo_sapiens/GRCh38/venous_blood/SANQUIN_mono_11/monocyte_-_RPMI_BG_T_4hrs/ChIP-Seq/NCMLS/S00WEMH1.ERX1302284.H3K27ac.bwa.GRCh38.20160226.bw
venous blood	monocyte - RPMI_LPS_T=1hr	SANQUIN_mono_11	Female	monocyte	venous blood		None	SANQUIN_mono_11	H3K27ac	Normalized signal	bigWig	EMBL-EBI	750M	af859630f2f688ba88209fe9cce451e7	http://ftp.ebi.ac.uk/pub/databases/blueprint/data/homo_sapiens/GRCh38/venous_blood/SANQUIN_mono_11/monocyte_-_RPMI_LPS_T_1hr/ChIP-Seq/NCMLS/S00WCQH1.ERX1302252.H3K27ac.bwa.GRCh38.20160226.bw
venous blood	monocyte - RPMI_LPS_T=24hrs	SANQUIN_mono_11	Female	monocyte	venous blood		None	SANQUIN_mono_11	H3K27ac	Normalized signal	bigWig	EMBL-EBI	562M	d3965abc2aa883b630bf002b9a7f280a	http://ftp.ebi.ac.uk/pub/databases/blueprint/data/homo_sapiens/GRCh38/venous_blood/SANQUIN_mono_11/monocyte_-_RPMI_LPS_T_24hrs/ChIP-Seq/NCMLS/S00WHGH1.ERX1302286.H3K27ac.bwa.GRCh38.20160226.bw
venous blood	monocyte - RPMI_T=24hrs	SANQUIN_mono_11	Female	monocyte	venous blood		None	SANQUIN_mono_11	H3K27ac	Normalized signal	bigWig	EMBL-EBI	759M	bafdc30f99c97c34eac8ce3a08da279d	http://ftp.ebi.ac.uk/pub/databases/blueprint/data/homo_sapiens/GRCh38/venous_blood/SANQUIN_mono_11/monocyte_-_RPMI_T_24hrs/ChIP-Seq/NCMLS/S00WFKH1.ERX1302285.H3K27ac.bwa.GRCh38.20160226.bw
venous blood	monocyte - RPMI_T=4hrs	SANQUIN_mono_11	Female	monocyte	venous blood		None	SANQUIN_mono_11	H3K27ac	Normalized signal	bigWig	EMBL-EBI	624M	2f27d754c0f542b7255dc5c1cf46c0ef	http://ftp.ebi.ac.uk/pub/databases/blueprint/data/homo_sapiens/GRCh38/venous_blood/SANQUIN_mono_11/monocyte_-_RPMI_T_4hrs/ChIP-Seq/NCMLS/S00WDOH1.ERX1302160.H3K27ac.bwa.GRCh38.20160226.bw
venous blood	monocyte - RPMI_BG_T=1hr	SANQUIN_mono_36	Female	monocyte	venous blood		None	SANQUIN_mono_36	H3K27ac	Normalized signal	bigWig	EMBL-EBI	637M	18507d22717710b5649ca51b4aac9be6	http://ftp.ebi.ac.uk/pub/databases/blueprint/data/homo_sapiens/GRCh38/venous_blood/SANQUIN_mono_36/monocyte_-_RPMI_BG_T_1hr/ChIP-Seq/NCMLS/S01899H1.ERX1302192.H3K27ac.bwa.GRCh38.20160226.bw
venous blood	monocyte - RPMI_BG_T=24hrs	SANQUIN_mono_36	Female	monocyte	venous blood		None	SANQUIN_mono_36	H3K27ac	Normalized signal	bigWig	EMBL-EBI	575M	3829a3163173e46544420f267c8d1a14	http://ftp.ebi.ac.uk/pub/databases/blueprint/data/homo_sapiens/GRCh38/venous_blood/SANQUIN_mono_36/monocyte_-_RPMI_BG_T_24hrs/ChIP-Seq/NCMLS/S018GWH1.ERX1302185.H3K27ac.bwa.GRCh38.20160226.bw
venous blood	monocyte - RPMI_BG_T=4hrs	SANQUIN_mono_36	Female	monocyte	venous blood		None	SANQUIN_mono_36	H3K27ac	Normalized signal	bigWig	EMBL-EBI	556M	c7e65063ce2b23df5421bd92f590893a	http://ftp.ebi.ac.uk/pub/databases/blueprint/data/homo_sapiens/GRCh38/venous_blood/SANQUIN_mono_36/monocyte_-_RPMI_BG_T_4hrs/ChIP-Seq/NCMLS/S018C3H1.ERX1302182.H3K27ac.bwa.GRCh38.20160226.bw
venous blood	monocyte - RPMI_LPS_T=1hr	SANQUIN_mono_36	Female	monocyte	venous blood		None	SANQUIN_mono_36	H3K27ac	Normalized signal	bigWig	EMBL-EBI	601M	96bfc77973ab9853ba8fcd29d2248540	http://ftp.ebi.ac.uk/pub/databases/blueprint/data/homo_sapiens/GRCh38/venous_blood/SANQUIN_mono_36/monocyte_-_RPMI_LPS_T_1hr/ChIP-Seq/NCMLS/S0188BH1.ERX1302190.H3K27ac.bwa.GRCh38.20160226.bw
venous blood	monocyte - RPMI_LPS_T=24hrs	SANQUIN_mono_36	Female	monocyte	venous blood		None	SANQUIN_mono_36	H3K27ac	Normalized signal	bigWig	EMBL-EBI	503M	fd813349bc9256859a0fa6fec48f7766	http://ftp.ebi.ac.uk/pub/databases/blueprint/data/homo_sapiens/GRCh38/venous_blood/SANQUIN_mono_36/monocyte_-_RPMI_LPS_T_24hrs/ChIP-Seq/NCMLS/S018FYH1.ERX1302183.H3K27ac.bwa.GRCh38.20160226.bw
venous blood	monocyte - RPMI_LPS_T=4hrs	SANQUIN_mono_36	Female	monocyte	venous blood		None	SANQUIN_mono_36	H3K27ac	Normalized signal	bigWig	EMBL-EBI	592M	38ed33f937a1816664ff6b6fda4ead41	http://ftp.ebi.ac.uk/pub/databases/blueprint/data/homo_sapiens/GRCh38/venous_blood/SANQUIN_mono_36/monocyte_-_RPMI_LPS_T_4hrs/ChIP-Seq/NCMLS/S018B5H1.ERX1302181.H3K27ac.bwa.GRCh38.20160226.bw
venous blood	monocyte - RPMI_T=1hr	SANQUIN_mono_36	Female	monocyte	venous blood		None	SANQUIN_mono_36	H3K27ac	Normalized signal	bigWig	EMBL-EBI	540M	5d2a27a38e07799e211b57725c237cb6	http://ftp.ebi.ac.uk/pub/databases/blueprint/data/homo_sapiens/GRCh38/venous_blood/SANQUIN_mono_36/monocyte_-_RPMI_T_1hr/ChIP-Seq/NCMLS/S0187DH1.ERX1302188.H3K27ac.bwa.GRCh38.20160226.bw
venous blood	monocyte - RPMI_T=24hrs	SANQUIN_mono_36	Female	monocyte	venous blood		None	SANQUIN_mono_36	H3K27ac	Normalized signal	bigWig	EMBL-EBI	530M	e4d9f903ba4c70067b187d94939bbd69	http://ftp.ebi.ac.uk/pub/databases/blueprint/data/homo_sapiens/GRCh38/venous_blood/SANQUIN_mono_36/monocyte_-_RPMI_T_24hrs/ChIP-Seq/NCMLS/S018D1H1.ERX1302198.H3K27ac.bwa.GRCh38.20160226.bw
venous blood	monocyte - RPMI_T=4hrs	SANQUIN_mono_36	Female	monocyte	venous blood		None	SANQUIN_mono_36	H3K27ac	Normalized signal	bigWig	EMBL-EBI	558M	0d40c252e96386cd056dbd258bf6ebe3	http://ftp.ebi.ac.uk/pub/databases/blueprint/data/homo_sapiens/GRCh38/venous_blood/SANQUIN_mono_36/monocyte_-_RPMI_T_4hrs/ChIP-Seq/NCMLS/S018A7H1.ERX1302180.H3K27ac.bwa.GRCh38.20160226.bw
venous blood	monocyte - Attached_T=1hr	SANQUIN_mono_38	Female	monocyte	venous blood		None	SANQUIN_mono_38	H3K27ac	Normalized signal	bigWig	EMBL-EBI	643M	0bf572158821cf35bfb6c4e3166071f2	http://ftp.ebi.ac.uk/pub/databases/blueprint/data/homo_sapiens/GRCh38/venous_blood/SANQUIN_mono_38/monocyte_-_Attached_T_1hr/ChIP-Seq/NCMLS/S018HUH1.ERX1302223.H3K27ac.bwa.GRCh38.20160226.bw
venous blood	monocyte - RPMI_BG_T=24hrs_RPMI_T=5days	SANQUIN_mono_38	Female	monocyte	venous blood		None	SANQUIN_mono_38	H3K27ac	Normalized signal	bigWig	EMBL-EBI	578M	2f51896b58535a5b06e6e2de1990ba20	http://ftp.ebi.ac.uk/pub/databases/blueprint/data/homo_sapiens/GRCh38/venous_blood/SANQUIN_mono_38/monocyte_-_RPMI_BG_T_24hrs_RPMI_T_5days/ChIP-Seq/NCMLS/S018MKH1.ERX1302212.H3K27ac.bwa.GRCh38.20160226.bw
venous blood	monocyte - RPMI_BG_T=24hrs_RPMI_T=5days_LPS_T=4hrs	SANQUIN_mono_38	Female	monocyte	venous blood		None	SANQUIN_mono_38	H3K27ac	Normalized signal	bigWig	EMBL-EBI	546M	130184cf314f6505fb1e7d0c988314fe	http://ftp.ebi.ac.uk/pub/databases/blueprint/data/homo_sapiens/GRCh38/venous_blood/SANQUIN_mono_38/monocyte_-_RPMI_BG_T_24hrs_RPMI_T_5days_LPS_T_4hrs/ChIP-Seq/NCMLS/S018QCH1.ERX1302221.H3K27ac.bwa.GRCh38.20160226.bw
venous blood	monocyte - RPMI_LPS_T=24hrs_RPMI_T=5days	SANQUIN_mono_38	Female	monocyte	venous blood		None	SANQUIN_mono_38	H3K27ac	Normalized signal	bigWig	EMBL-EBI	659M	319f34d6b591be571f130c7ab1c5ea61	http://ftp.ebi.ac.uk/pub/databases/blueprint/data/homo_sapiens/GRCh38/venous_blood/SANQUIN_mono_38/monocyte_-_RPMI_LPS_T_24hrs_RPMI_T_5days/ChIP-Seq/NCMLS/S018KOH1.ERX1302209.H3K27ac.bwa.GRCh38.20160226.bw
venous blood	monocyte - RPMI_LPS_T=24hrs_RPMI_T=5days_LPS_T=4hrs	SANQUIN_mono_38	Female	monocyte	venous blood		None	SANQUIN_mono_38	H3K27ac	Normalized signal	bigWig	EMBL-EBI	643M	9e4c558a6ee9db0b170877937df364ba	http://ftp.ebi.ac.uk/pub/databases/blueprint/data/homo_sapiens/GRCh38/venous_blood/SANQUIN_mono_38/monocyte_-_RPMI_LPS_T_24hrs_RPMI_T_5days_LPS_T_4hrs/ChIP-Seq/NCMLS/S018PEH1.ERX1302218.H3K27ac.bwa.GRCh38.20160226.bw
venous blood	monocyte - RPMI_T=6days	SANQUIN_mono_38	Female	monocyte	venous blood		None	SANQUIN_mono_38	H3K27ac	Normalized signal	bigWig	EMBL-EBI	949M	f7b3f9fe0cb68562c5b97c80774d2175	http://ftp.ebi.ac.uk/pub/databases/blueprint/data/homo_sapiens/GRCh38/venous_blood/SANQUIN_mono_38/monocyte_-_RPMI_T_6days/ChIP-Seq/NCMLS/S018JQH1.ERX1302226.H3K27ac.bwa.GRCh38.20160226.bw
venous blood	monocyte - RPMI_T=6days_LPS_T=4hrs	SANQUIN_mono_38	Female	monocyte	venous blood		None	SANQUIN_mono_38	H3K27ac	Normalized signal	bigWig	EMBL-EBI	508M	f2b15253ea89cb9eeafde19776b35994	http://ftp.ebi.ac.uk/pub/databases/blueprint/data/homo_sapiens/GRCh38/venous_blood/SANQUIN_mono_38/monocyte_-_RPMI_T_6days_LPS_T_4hrs/ChIP-Seq/NCMLS/S018NIH1.ERX1302215.H3K27ac.bwa.GRCh38.20160226.bw
venous blood	monocyte - RPMI_BG_T=24hrs_RPMI_T=5days	SANQUIN_mono_61	Male	monocyte	venous blood		None	SANQUIN_mono_61	H3K27ac	Normalized signal	bigWig	EMBL-EBI	554M	19aa2206d4c4d1e760105befa7bd09d8	http://ftp.ebi.ac.uk/pub/databases/blueprint/data/homo_sapiens/GRCh38/venous_blood/SANQUIN_mono_61/monocyte_-_RPMI_BG_T_24hrs_RPMI_T_5days/ChIP-Seq/NCMLS/S01Q2PH1.ERX1304216.H3K27ac.bwa.GRCh38.20160226.bw
venous blood	monocyte - RPMI_BG_T=24hrs_RPMI_T=5days_LPS_T=4hrs	SANQUIN_mono_61	Male	monocyte	venous blood		None	SANQUIN_mono_61	H3K27ac	Normalized signal	bigWig	EMBL-EBI	542M	2b6dc54c40e29acd276ffeec683f9bd5	http://ftp.ebi.ac.uk/pub/databases/blueprint/data/homo_sapiens/GRCh38/venous_blood/SANQUIN_mono_61/monocyte_-_RPMI_BG_T_24hrs_RPMI_T_5days_LPS_T_4hrs/ChIP-Seq/NCMLS/S01Q5JH1.ERX1304218.H3K27ac.bwa.GRCh38.20160226.bw
venous blood	monocyte - RPMI_LPS_T=24hrs_RPMI_T=5days	SANQUIN_mono_61	Male	monocyte	venous blood		None	SANQUIN_mono_61	H3K27ac	Normalized signal	bigWig	EMBL-EBI	568M	ce46a3265a847ee02ff3c748746b9dd4	http://ftp.ebi.ac.uk/pub/databases/blueprint/data/homo_sapiens/GRCh38/venous_blood/SANQUIN_mono_61/monocyte_-_RPMI_LPS_T_24hrs_RPMI_T_5days/ChIP-Seq/NCMLS/S01Q1RH1.ERX1345494.H3K27ac.bwa.GRCh38.20160309.bw
venous blood	monocyte - RPMI_LPS_T=24hrs_RPMI_T=5days_LPS_T=4hrs	SANQUIN_mono_61	Male	monocyte	venous blood		None	SANQUIN_mono_61	H3K27ac	Normalized signal	bigWig	EMBL-EBI	657M	15e86714e468b3a28cedea1e7d88d931	http://ftp.ebi.ac.uk/pub/databases/blueprint/data/homo_sapiens/GRCh38/venous_blood/SANQUIN_mono_61/monocyte_-_RPMI_LPS_T_24hrs_RPMI_T_5days_LPS_T_4hrs/ChIP-Seq/NCMLS/S01Q4LH1.ERX1345495.H3K27ac.bwa.GRCh38.20160309.bw
venous blood	monocyte - RPMI_T=6days	SANQUIN_mono_61	Male	monocyte	venous blood		None	SANQUIN_mono_61	H3K27ac	Normalized signal	bigWig	EMBL-EBI	476M	96d15a3ee51669e189c2a032f6da364e	http://ftp.ebi.ac.uk/pub/databases/blueprint/data/homo_sapiens/GRCh38/venous_blood/SANQUIN_mono_61/monocyte_-_RPMI_T_6days/ChIP-Seq/NCMLS/S01Q0TH1.ERX1304214.H3K27ac.bwa.GRCh38.20160226.bw
venous blood	monocyte - RPMI_T=6days_LPS_T=4hrs	SANQUIN_mono_61	Male	monocyte	venous blood		None	SANQUIN_mono_61	H3K27ac	Normalized signal	bigWig	EMBL-EBI	538M	8da5b0dfa9dc561f1adcfb48cacad221	http://ftp.ebi.ac.uk/pub/databases/blueprint/data/homo_sapiens/GRCh38/venous_blood/SANQUIN_mono_61/monocyte_-_RPMI_T_6days_LPS_T_4hrs/ChIP-Seq/NCMLS/S01Q3NH1.ERX1347872.H3K27ac.bwa.GRCh38.20160309.bw
